,dataset,rewiring,layer_type,num_iterations,alpha,eps,test_mean,test_ci,val_mean,val_ci
0,reddit,digl,R-GCN,10,0.15,0.0001,49.995000000000005,0.3161878397408731,50.57499999999999,0.2996143354380762
1,imdb,digl,R-GCN,10,0.15,0.0001,50.73000000000001,0.43124355067641307,49.72,0.4739367046347011
2,mutag,digl,R-GCN,10,0.15,0.0001,73.0,1.0295630140987,71.8888888888889,1.154219312878719
3,enzymes,digl,R-GCN,10,0.15,0.0001,28.016666666666666,0.5531199387715711,27.383333333333326,0.5012512122456939
4,proteins,digl,R-GCN,10,0.15,0.0001,69.49107142857142,0.39205579797331114,68.71171171171173,0.4871292050678111
5,collab,digl,R-GCN,10,0.15,0.0001,16.788,0.6296146122827836,16.879999999999995,0.6281846862189495
0,reddit,digl,R-GCN,10,0.05,0.001,49.78500000000001,0.36216398219591084,49.51,0.3334651406069307
1,imdb,digl,R-GCN,10,0.05,0.001,49.66999999999999,0.429896499171603,49.88,0.45150415280482203
2,mutag,digl,R-GCN,10,0.05,0.001,72.5,0.9604686356149275,72.44444444444446,1.0420776966838539
3,enzymes,digl,R-GCN,10,0.05,0.001,27.933333333333334,0.515385508354884,27.55,0.48388187263697596
4,proteins,digl,R-GCN,10,0.05,0.001,68.23214285714283,0.43414897400852287,69.81981981981983,0.5000608679775825
5,collab,digl,R-GCN,10,0.05,0.001,16.926,0.7349593458144472,17.152,0.7249999724137927
0,reddit,digl,R-GCN,10,0.05,0.0001,49.67,0.3265133994187682,49.945,0.35460506200560654
1,imdb,digl,R-GCN,10,0.05,0.0001,49.629999999999995,0.39412053993670526,49.75000000000001,0.46051601492239114
2,mutag,digl,R-GCN,10,0.05,0.0001,73.39999999999999,1.0244022647378326,74.38888888888891,1.0769613173240464
3,enzymes,digl,R-GCN,10,0.05,0.0001,28.16666666666666,0.5761462005814535,28.03333333333333,0.5117399513207638
4,proteins,digl,R-GCN,10,0.05,0.0001,69.70535714285715,0.4336115464494525,68.99099099099098,0.425083958821929
5,collab,digl,R-GCN,10,0.05,0.0001,17.016,0.7311398224689994,16.819999999999997,0.7385309742996565
0,reddit,digl,R-GCN,10,0.15,0.001,50.365,0.28406469333586687,49.89000000000001,0.33223335172736657
1,imdb,digl,R-GCN,10,0.15,0.001,49.440000000000005,0.4598521501526333,49.879999999999995,0.43983633319679266
2,mutag,digl,R-GCN,10,0.15,0.001,72.65000000000002,1.0734407296166844,70.33333333333334,1.147245762470349
3,enzymes,digl,R-GCN,10,0.15,0.001,28.28333333333333,0.6193432901962457,28.433333333333334,0.5026706454307608
4,proteins,digl,R-GCN,10,0.15,0.001,68.64285714285714,0.4163587297472393,69.36936936936937,0.45350316932083673
5,collab,digl,R-GCN,10,0.15,0.001,16.192,0.39772271748040744,15.587999999999996,0.3828296749208452
0,reddit,digl,GCN,10,0.05,0.0001,50.32,0.3455806707557586,49.99000000000001,0.35700000000000004
1,imdb,digl,GCN,10,0.05,0.0001,49.90999999999999,0.42920740906932175,49.82000000000001,0.4371224084853121
2,mutag,digl,GCN,10,0.05,0.0001,71.05000000000001,1.0707357283662482,69.61111111111113,1.0583442694098137
3,enzymes,digl,GCN,10,0.05,0.0001,27.28333333333334,0.5905059036302872,26.116666666666667,0.49331925655592335
4,proteins,digl,GCN,10,0.05,0.0001,71.29464285714286,0.389878112494201,71.1171171171171,0.42194874504630164
5,collab,digl,GCN,10,0.05,0.0001,15.529999999999996,0.1495693818934878,15.713999999999997,0.16415249008163113
0,reddit,digl,GIN,10,0.05,0.0001,75.04500000000002,0.5376381217882528,74.92999999999999,0.5028926326762007
1,imdb,digl,GIN,10,0.05,0.0001,64.31,0.47152836606083415,64.56,0.45350192943360235
2,mutag,digl,GIN,10,0.05,0.0001,79.7,1.0973149046650192,79.16666666666664,1.078336052432315
3,enzymes,digl,GIN,10,0.05,0.0001,33.65,0.7229165465898075,34.91666666666667,0.5794513688730824
4,proteins,digl,GIN,10,0.05,0.0001,70.74107142857144,0.3974678702840813,70.81981981981981,0.3762046096031587
5,collab,digl,GIN,10,0.05,0.0001,53.996,0.21169752006105308,54.296000000000014,0.2423630334848942
0,reddit,digl,GIN,10,0.05,0.001,76.03499999999998,0.3954273005243822,76.065,0.37813059913209884
1,imdb,digl,GIN,10,0.05,0.001,63.85999999999999,0.49980396156893353,64.35,0.4508602887813475
2,mutag,digl,GIN,10,0.05,0.001,79.15,1.3229795916793274,78.99999999999999,1.5226276832267285
3,enzymes,digl,GIN,10,0.05,0.001,34.78333333333334,0.6427609716423881,34.5,0.7100469468046933
4,proteins,digl,GIN,10,0.05,0.001,70.91964285714285,0.36753952133736306,70.73873873873875,0.42284415043125795
5,collab,digl,GIN,10,0.05,0.001,54.54,0.21794494717703353,54.452,0.20172496127152922
0,reddit,digl,GCN,10,0.05,0.001,50.32000000000001,0.30622867272677146,49.88000000000001,0.38594818305052303
1,imdb,digl,GCN,10,0.05,0.001,50.22,0.45860222415509516,49.37,0.44354368443254844
2,mutag,digl,GCN,10,0.05,0.001,70.25000000000001,1.077903056865505,69.88888888888889,1.09764056722354
3,enzymes,digl,GCN,10,0.05,0.001,26.899999999999995,0.5517749138512511,26.93333333333333,0.5081119736610994
4,proteins,digl,GCN,10,0.05,0.001,71.03571428571429,0.4150239727523986,70.1891891891892,0.3786131832584963
5,collab,digl,GCN,10,0.05,0.001,15.439999999999998,0.15697133496278867,15.383999999999997,0.15981689522700657
0,reddit,digl,GIN,10,0.15,0.0001,75.59500000000001,0.4510374152994407,75.545,0.4584263844937376
1,imdb,digl,GIN,10,0.15,0.0001,64.39,0.46257864196263965,64.94999999999999,0.44189930979805797
2,mutag,digl,GIN,10,0.15,0.0001,77.10000000000001,1.3041855696180664,77.55555555555557,1.4313940369055924
3,enzymes,digl,GIN,10,0.15,0.0001,35.08333333333334,0.6693176458985011,33.150000000000006,0.6091410163318326
4,proteins,digl,GIN,10,0.15,0.0001,71.22321428571428,0.39906918963037585,71.2072072072072,0.39122756159414035
5,collab,digl,GIN,10,0.15,0.0001,54.504000000000005,0.20885363295858644,54.732,0.2177745623345389
0,reddit,digl,GCN,10,0.15,0.001,49.98,0.34719735022030346,50.044999999999995,0.30092316295027877
1,imdb,digl,GCN,10,0.15,0.001,50.330000000000005,0.46066365170262785,49.400000000000006,0.4896937818678119
2,mutag,digl,GCN,10,0.15,0.001,71.35,1.2203585538684931,70.27777777777779,1.0639287779003088
3,enzymes,digl,GCN,10,0.15,0.001,27.000000000000007,0.5477225575051661,27.549999999999997,0.5560050958999085
4,proteins,digl,GCN,10,0.15,0.001,70.76785714285714,0.36281654019178167,71.12612612612612,0.48185567091224835
5,collab,digl,GCN,10,0.15,0.001,15.391999999999998,0.16228173033339272,15.702,0.16748719354028235
0,reddit,digl,GIN,10,0.15,0.001,75.92500000000001,0.4793419969082618,75.64500000000001,0.5340550065302263
1,imdb,digl,GIN,10,0.15,0.001,64.86000000000001,0.4554162930770044,64.2,0.499799959983992
2,mutag,digl,GIN,10,0.15,0.001,80.65,1.441622349993229,79.05555555555556,1.1859647320553055
3,enzymes,digl,GIN,10,0.15,0.001,35.71666666666667,0.6111260099193947,36.08333333333333,0.6098155458825235
4,proteins,digl,GIN,10,0.15,0.001,70.75892857142857,0.3953603287392607,71.65765765765765,0.4447239604773327
5,collab,digl,GIN,10,0.15,0.001,54.77000000000001,0.18957584234284694,54.432,0.22277737766658431
0,reddit,digl,R-GIN,10,0.15,0.001,74.745,0.38317717833921183,74.465,0.3571592781939174
1,imdb,digl,R-GIN,10,0.15,0.001,64.61,0.4518617045070316,64.63999999999999,0.45155730533344274
2,mutag,digl,R-GIN,10,0.15,0.001,81.54999999999998,0.7506497185771804,81.33333333333331,1.0108058147150363
3,enzymes,digl,R-GIN,10,0.15,0.001,38.06666666666666,0.5728680282384223,37.41666666666668,0.6563260537940644
4,proteins,digl,R-GIN,10,0.15,0.001,71.10714285714283,0.40297838854292556,71.3963963963964,0.3856813470376861
5,collab,digl,R-GIN,10,0.15,0.001,54.711999999999996,0.21326640616843515,54.437999999999995,0.2317187087828688
0,reddit,digl,R-GIN,10,0.05,0.001,74.42500000000001,0.3690782437370158,75.04,0.35501267583003293
1,imdb,digl,R-GIN,10,0.05,0.001,64.45,0.5189171417480829,64.21000000000001,0.49199491867294726
2,mutag,digl,R-GIN,10,0.05,0.001,81.45,0.7592595076783695,82.38888888888889,0.9096702699330125
3,enzymes,digl,R-GIN,10,0.05,0.001,37.916666666666664,0.5856501610271369,37.06666666666666,0.6133333333333335
4,proteins,digl,R-GIN,10,0.05,0.001,71.29464285714285,0.35610899465111606,71.15315315315316,0.4395030063860224
5,collab,digl,R-GIN,10,0.05,0.001,54.714000000000006,0.21219340234795223,54.588,0.18854856138406345
0,reddit,digl,R-GIN,10,0.15,0.0001,74.03,0.40637544217139904,74.075,0.3297252644247936
1,imdb,digl,R-GIN,10,0.15,0.0001,63.93000000000001,0.48296066092384793,65.02,0.4397681207181803
2,mutag,digl,R-GIN,10,0.15,0.0001,81.75,0.901041064547005,81.49999999999999,0.8536595152057022
3,enzymes,digl,R-GIN,10,0.15,0.0001,37.733333333333334,0.6439979296032974,35.75000000000001,0.663481976645435
4,proteins,digl,R-GIN,10,0.15,0.0001,71.4375,0.3671575785681128,71.5045045045045,0.38426459751390596
5,collab,digl,R-GIN,10,0.15,0.0001,54.856,0.1863991416289247,54.214000000000006,0.20844673180455478
0,reddit,digl,R-GIN,10,0.05,0.0001,74.36999999999999,0.42787965597817346,74.5,0.3285574531189334
1,imdb,digl,R-GIN,10,0.05,0.0001,64.78999999999999,0.4705943051079135,64.11,0.46688221212635633
2,mutag,digl,R-GIN,10,0.05,0.0001,80.60000000000001,0.7391887445030532,81.66666666666667,0.8624541497922233
3,enzymes,digl,R-GIN,10,0.05,0.0001,37.6,0.6111555539395115,38.483333333333334,0.6187330244584943
4,proteins,digl,R-GIN,10,0.05,0.0001,71.31249999999999,0.3864442084900615,71.72072072072072,0.45133157065860086
5,collab,digl,R-GIN,10,0.05,0.0001,54.994,0.21100625583143245,53.882,0.2030782115343741
0,reddit,digl,GCN,10,0.15,0.0001,50.33,0.3374329563039154,49.88,0.36675059645486613
1,imdb,digl,GCN,10,0.15,0.0001,49.650000000000006,0.5132981589680603,49.120000000000005,0.47355675478235976
2,mutag,digl,GCN,10,0.15,0.0001,71.85,1.0551184767598376,68.77777777777779,1.1021303725171046
3,enzymes,digl,GCN,10,0.15,0.0001,27.516666666666666,0.5372227967364501,27.666666666666668,0.5976807025680368
4,proteins,digl,GCN,10,0.15,0.0001,70.60714285714285,0.37322710162547834,71.73873873873875,0.38257115025748295
5,collab,digl,GCN,10,0.15,0.0001,15.461999999999998,0.1441581076457374,15.509999999999996,0.1660933472478654
